Country/area,Technology,Jobs (thousand),Source,Notes,Year
Albania,All technologies,12.703,,,2022
Albania,Biogas,,,,2022
Albania,CSP,,,,2022
Albania,Geothermal Energy,,,,2022
Albania,Heat Pumps,,,,2022
Albania,Hydropower,12.483,IRENA Estimate,,2022
Albania,Liquid Biofuels,,,,2022
Albania,Municipal and industrial waste,,,,2022
Albania,Others,,,,2022
Albania,Solar Heating / Cooling,0.13,IRENA estimate,Based on employment factors and capacity data,2022
Albania,Solar Photovoltaic,0.09,IRENA estimate,Based on capacity and manufacturing trends,2022
Albania,Solid Biomass,,,,2022
Albania,"Tide, Wave and Ocean Energy",,,,2022
Albania,Wind Energy,,,,2022
Algeria,All technologies,2.448,,,2022
Algeria,Biogas,,,,2022
Algeria,CSP,,,,2022
Algeria,Geothermal Energy,,,,2022
Algeria,Heat Pumps,,,,2022
Algeria,Hydropower,,,,2022
Algeria,Liquid Biofuels,,,,2022
Algeria,Municipal and industrial waste,,,,2022
Algeria,Others,1.848,Elmoudjahid (2016); SKTM (2016); Condor (2016),"These are people employed in CDER, SKTM and Condor ",2022
Algeria,Solar Heating / Cooling,,,,2022
Algeria,Solar Photovoltaic,0.6,IRENA estimate,IRENA estimate based on data from Renewable Energy Development Centre (CDER),2022
Algeria,Solid Biomass,,,,2022
Algeria,"Tide, Wave and Ocean Energy",,,,2022
Algeria,Wind Energy,,,,2022
All World,All technologies,13726.74294,,,2022
All World,Geothermal energy,151.933,,,2022
All World,CSP,79.675,,,2022
All World,Heat Pumps,241,,,2022
All World,Hydropower,2485.15,,,2022
All World,Biogas,308.795,,,2022
All World,Municipal and industrial waste,27.054,,,2022
All World,Others,148.749,,,2022
All World,Solar Heating / Cooling,711.7731328,,,2022
All World,Solid Biomass,779.256,,,2022
All World,"Tide, Wave and Ocean Energy",1.288,,,2022
All World,Wind Energy,1400.346,,,2022
Angola,All technologies,10.202,,,2022
Angola,Geothermal energy,,,,2022
Angola,CSP,,,,2022
Angola,Heat Pumps,,,,2022
Angola,Hydropower,10.202,IRENA Estimate,,2022
Angola,Biogas,,,,2022
Angola,Municipal and industrial waste,,,,2022
Angola,Others,,,,2022
Angola,Solar Heating / Cooling,,,,2022
Angola,Solid Biomass,,,,2022
Angola,"Tide, Wave and Ocean Energy",,,,2022
Angola,Wind Energy,,,,2022
Argentina,All technologies,34.274,,,2022
Argentina,CSP,,,,2022
Argentina,Heat Pumps,,,,2022
Argentina,Hydropower,28.264,IRENA Estimate,,2022
Argentina,Geothermal Energy,,,,2022
Argentina,Municipal and industrial waste,,,,2022
Argentina,Others,,,,2022
Argentina,Solar Heating / Cooling,1.13,IRENA estimate,,2022
Argentina,Solid Biomass,0.62,IRENA focal point,,2022
Argentina,"Tide, Wave and Ocean Energy",,,,2022
Argentina,Wind Energy,1.87,IRENA focal point,,2022
Australia,All technologies,76.834,,,2022
Australia,CSP,,,,2022
Australia,Heat Pumps,,,,2022
Australia,Hydropower,4.034,IRENA Estimate,,2022
Australia,Geothermal Energy,0.04,ABS (2020),,2022
Australia,Municipal and industrial waste,,,,2022
Australia,Others,1.12,ABS (2020),Government jobs,2022
Australia,Solar Heating / Cooling,3.96,IRENA estimate,Based on employment factors and capacity data,2022
Australia,Solid Biomass,1.58,ABS (2020),,2022
Australia,"Tide, Wave and Ocean Energy",,,,2022
Australia,Wind Energy,3.1,IRENA estimate,Based on employment factors and capacity data,2022
Austria,All technologies,37.889,,,2022
Austria,CSP,,,,2022
Austria,Heat Pumps,2.555,EHPA (2023),,2022
Austria,Hydropower,9.579,IRENA Estimate,,2022
Austria,Municipal and industrial waste,1.3,EurObserv'ER (2022),,2022
Austria,Others,,,,2022
Austria,Solar Heating / Cooling,1.9,EurObserv'ER (2022),,2022
Austria,Solid Biomass,9.8,EurObserv'ER (2022),,2022
Austria,"Tide, Wave and Ocean Energy",,,,2022
Austria,Wind Energy,2.7,IRENA estimate,Based on employment factors and capacity data,2022
Azerbaijan,All technologies,4.385,,,2022
Azerbaijan,CSP,,,,2022
Azerbaijan,Heat Pumps,,,,2022
Azerbaijan,Hydropower,4.385,IRENA Estimate,,2022
Azerbaijan,Municipal and industrial waste,,,,2022
Azerbaijan,Others,,,,2022
Azerbaijan,Solar Heating / Cooling,,,,2022
Azerbaijan,Solid Biomass,,,,2022
Azerbaijan,"Tide, Wave and Ocean Energy",,,,2022
Azerbaijan,Wind Energy,,,,2022
Bangladesh,All technologies,34.883,,,2022
Bangladesh,CSP,,,,2022
Bangladesh,Heat Pumps,,,,2022
Bangladesh,Hydropower,0.873,IRENA focal point,,2022
Bangladesh,Municipal and industrial waste,,,,2022
Bangladesh,Others,3,IRENA focal point,,2022
Bangladesh,Solar Heating / Cooling,,,,2022
Bangladesh,Solid Biomass,,,,2022
Bangladesh,"Tide, Wave and Ocean Energy",,,,2022
Bangladesh,Wind Energy,0.01,IRENA estimate,Based on employment factors and capacity data,2022
Barbados,All technologies,0.14,,,2022
Barbados,CSP,,,,2022
Barbados,Heat Pumps,,,,2022
Barbados,Hydropower,,,,2022
Barbados,Municipal and industrial waste,,,,2022
Barbados,Others,,,,2022
Barbados,Solar Heating / Cooling,0.14,IRENA estimate,Based on employment factors and capacity data,2022
Barbados,Solid Biomass,,,,2022
Barbados,"Tide, Wave and Ocean Energy",,,,2022
Barbados,Wind Energy,,,,2022
Belarus,All technologies,1.636,,,2022
Belarus,CSP,,,,2022
Belarus,Heat Pumps,,,,2022
Belarus,Hydropower,,,,2022
Belarus,Municipal and industrial waste,,,,2022
Belarus,Others,,,,2022
Belarus,Solar Heating / Cooling,,,,2022
Belarus,Solid Biomass,,,,2022
Belarus,"Tide, Wave and Ocean Energy",,,,2022
Belarus,Wind Energy,0.106,IRENA estimate,Based on employment factors and capacity data,2022
Belgium,All technologies,18.212,,,2022
Belgium,CSP,,,,2022
Belgium,Heat Pumps,1.757,EHPA (2023),,2022
Belgium,Hydropower,0.2,EurObserv'ER (2022),,2022
Belgium,Municipal and industrial waste,0.3,EurObserv'ER (2022),,2022
Belgium,Others,,,,2022
Belgium,Solar Heating / Cooling,0.1,EurObserv'ER (2022),,2022
Belgium,Solid Biomass,1,EurObserv'ER (2022),,2022
Belgium,"Tide, Wave and Ocean Energy",,,,2022
Belgium,Wind Energy,3,IRENA estimate,Based on employment factors and capacity data,2022
Bosnia and Herzegovina,All technologies,0.2,,,2022
Bosnia and Herzegovina,CSP,,,,2022
Bosnia and Herzegovina,Heat Pumps,,,,2022
Bosnia and Herzegovina,Hydropower,,,,2022
Bosnia and Herzegovina,Municipal and industrial waste,,,,2022
Bosnia and Herzegovina,Others,,,,2022
Bosnia and Herzegovina,Solar Heating / Cooling,,,,2022
Bosnia and Herzegovina,Solid Biomass,,,,2022
Bosnia and Herzegovina,"Tide, Wave and Ocean Energy",,,,2022
Bosnia and Herzegovina,Wind Energy,,,,2022
Botswana,All technologies,0.02,,,2022
Botswana,CSP,,,,2022
Botswana,Heat Pumps,,,,2022
Botswana,Hydropower,,,,2022
Botswana,Municipal and industrial waste,,,,2022
Botswana,Others,,,,2022
Botswana,Solar Heating / Cooling,0.02,IRENA estimate,Based on employment factors and capacity data,2022
Botswana,Solid Biomass,,,,2022
Botswana,"Tide, Wave and Ocean Energy",,,,2022
Botswana,Wind Energy,,,,2022
Brazil,All technologies,1399.989,,,2022
Brazil,CSP,,,,2022
Brazil,Heat Pumps,,,,2022
Brazil,Hydropower,193.569,IRENA Estimate,,2022
Brazil,Municipal and industrial waste,,,,2022
Brazil,Others,,,,2022
Brazil,Solar Heating / Cooling,41.103,IRENA estimate,,2022
Brazil,Solid Biomass,,,,2022
Brazil,"Tide, Wave and Ocean Energy",,,,2022
Brazil,Wind Energy,67.724,IRENA estimate,,2022
Bulgaria,All technologies,43.085,,,2022
Bulgaria,CSP,,,,2022
Bulgaria,Heat Pumps,,,,2022
Bulgaria,Hydropower,5.547,IRENA Estimate,,2022
Bulgaria,Municipal and industrial waste,0.1,EurObserv'ER (2022),,2022
Bulgaria,Others,,,,2022
Bulgaria,Solar Heating / Cooling,1.3,EurObserv'ER (2022),,2022
Bulgaria,Solid Biomass,12.2,EurObserv'ER (2022),,2022
Bulgaria,"Tide, Wave and Ocean Energy",,,,2022
Bulgaria,Wind Energy,0.6,IRENA estimate,Based on employment factors and capacity data,2022
Burkina Faso,All technologies,0.1,,,2022
Burkina Faso,CSP,,,,2022
Burkina Faso,Heat Pumps,,,,2022
Burkina Faso,Hydropower,,,,2022
Burkina Faso,Municipal and industrial waste,,,,2022
Burkina Faso,Others,,,,2022
Burkina Faso,Solar Heating / Cooling,0.1,IRENA estimate,Based on employment factors and capacity data,2022
Burkina Faso,Solid Biomass,,,,2022
Burkina Faso,"Tide, Wave and Ocean Energy",,,,2022
Burkina Faso,Wind Energy,,,,2022
Cambodia,All technologies,15.963,,,2022
Cambodia,CSP,,,,2022
Cambodia,Heat Pumps,,,,2022
Cambodia,Hydropower,15.963,IRENA Estimate,,2022
Cambodia,Municipal and industrial waste,,,,2022
Cambodia,Others,,,,2022
Cambodia,Solar Heating / Cooling,,,,2022
Cambodia,Solid Biomass,,,,2022
Cambodia,"Tide, Wave and Ocean Energy",,,,2022
Cambodia,Wind Energy,,,,2022
Canada,All technologies,58.762,,,2022
Canada,CSP,,,,2022
Canada,Solar Photovoltaic,13,Natural Resources Canada (2023),,2022
Canada,Heat Pumps,,,,2022
Canada,Hydropower,33.592,IRENA Estimate,,2022
Canada,Municipal and industrial waste,,,,2022
Canada,Others,,,,2022
Canada,Solar Heating / Cooling,0.07,IRENA estimate,Based on employment factors and capacity data,2022
Canada,Liquid biofuels,1.3,Natural Resources Canada (2023),,2022
Canada,Solid Biomass,4.5,Natural Resources Canada (2023),,2022
Canada,"Tide, Wave and Ocean Energy",,,,2022
Canada,Wind Energy,6.3,Natural Resources Canada (2023),,2022
Chile,All technologies,39.459,,,2022
Chile,CSP,1.542,"Ministry of Energy, Chile; River Consultores (2016); Corporación de Bienes de Capital (2017)",,2022
Chile,Solar Photovoltaic,17,IRENA estimate,Based on capacity and manufacturing trends,2022
Chile,Heat Pumps,,,,2022
Chile,Hydropower,11.197,IRENA Estimate,,2022
Chile,Municipal and industrial waste,,,,2022
Chile,Others,,,,2022
Chile,Solar Heating / Cooling,0.29,IRENA estimate,Based on employment factors and capacity data,2022
Chile,Liquid biofuels,,,,2022
Chile,Solid Biomass,0.33,"Ministry of Energy, Chile; River Consultores (2016); Corporación de Bienes de Capital (2017) (estimates for constructing new plants planned for 2018 plus O&M from previous plants)",,2022
Chile,"Tide, Wave and Ocean Energy",0,IRENA focal point,,2022
Chile,Wind Energy,8.7,IRENA estimate,Based on employment factors and capacity data,2022
China,All technologies,5548.412,,,2022
China,Solar Photovoltaic,2760,China Renewable Energy Society (2023),,2022
China,CSP,59.38,China Renewable Energy Society (2023),,2022
China,CSP,,,,2022
China,Heat Pumps,118,CHPA (2023),,2022
China,Hydropower,876.032,IRENA Estimate,,2022
China,Municipal and industrial waste,,,,2022
China,Others,,,,2022
China,Solar Heating / Cooling,557,China Renewable Energy Society (2023),,2022
China,Biogas,160,China Renewable Energy Society (2023),,2022
China,Solid Biomass,195,China Renewable Energy Society (2023),,2022
China,"Tide, Wave and Ocean Energy",,,,2022
China,Wind Energy,681,China Renewable Energy Society (2023),,2022
Chinese Taipei,All technologies,41.17,,,2022
Chinese Taipei,Solar Photovoltaic,26.9,IRENA estimate,Based on capacity and manufacturing trends,2022
Chinese Taipei,CSP,,,,2022
Chinese Taipei,Heat Pumps,,,,2022
Chinese Taipei,Hydropower,,,,2022
Chinese Taipei,Municipal and industrial waste,,,,2022
Chinese Taipei,Others,,,,2022
Chinese Taipei,Solar Heating / Cooling,0.27,IRENA estimate,Based on employment factors and capacity data,2022
Chinese Taipei,Biogas,,,,2022
Chinese Taipei,Solid Biomass,,,,2022
Chinese Taipei,"Tide, Wave and Ocean Energy",,,,2022
Chinese Taipei,Wind Energy,14,IRENA estimate,Based on employment factors and capacity data,2022
Colombia,All technologies,262.103,,,2022
Colombia,CSP,,,,2022
Colombia,Heat Pumps,,,,2022
Colombia,Hydropower,56.337,IRENA Estimate,,2022
Colombia,Solar Photovoltaic,0.36,IRENA focal point,,2022
Colombia,Municipal and industrial waste,,,,2022
Colombia,Others,,,,2022
Colombia,Solar Heating / Cooling,,,,2022
Colombia,Geothermal energy,,,,2022
Colombia,Solid Biomass,18.62,Ministerio de Minas y Energía (2015),,2022
Colombia,"Tide, Wave and Ocean Energy",,,,2022
Colombia,Wind Energy,0.056,IRENA focal point,,2022
Costa Rica,All technologies,1.344,,,2022
Costa Rica,CSP,,,,2022
Costa Rica,CSP,0.002,IRENA focal point,,2022
Costa Rica,Heat Pumps,,,,2022
Costa Rica,Hydropower,0.885,IRENA focal point,,2022
Costa Rica,Solar Photovoltaic,0.044,IRENA focal point,,2022
Costa Rica,Municipal and industrial waste,,,,2022
Costa Rica,Others,,,,2022
Costa Rica,Solar Heating / Cooling,,,,2022
Costa Rica,Geothermal energy,0.103,IRENA focal point,,2022
Costa Rica,Solid Biomass,0.01,IRENA focal point,,2022
Costa Rica,"Tide, Wave and Ocean Energy",,,,2022
Costa Rica,Wind Energy,0.3,IRENA Estimate,Based on employment factors and capacity data,2022
Croatia,All technologies,15.446,,,2022
Croatia,CSP,,,,2022
Croatia,Heat Pumps,,,,2022
Croatia,Hydropower,0.6,EurObserv'ER (2022),,2022
Croatia,Municipal and industrial waste,0.1,EurObserv'ER (2022),,2022
Croatia,Others,,,,2022
Croatia,Solar Heating / Cooling,0.1,EurObserv'ER (2022),,2022
Croatia,Solid Biomass,10.4,EurObserv'ER (2022),,2022
Croatia,"Tide, Wave and Ocean Energy",,,,2022
Croatia,Wind Energy,1.4,IRENA estimate,Based on employment factors and capacity data,2022
Cyprus,All technologies,1.873,,,2022
Cyprus,CSP,,,,2022
Cyprus,Heat Pumps,,,,2022
Cyprus,Hydropower,0.1,EurObserv'ER (2022),,2022
Cyprus,Municipal and industrial waste,0.1,EurObserv'ER (2022),,2022
Cyprus,Others,,,,2022
Cyprus,Solar Heating / Cooling,0.3,EurObserv'ER (2022),,2022
Cyprus,Solid Biomass,0.1,EurObserv'ER (2022),,2022
Cyprus,"Tide, Wave and Ocean Energy",,,,2022
Cyprus,Wind Energy,0.113,IRENA estimate,Based on employment factors and capacity data,2022
Czechia,All technologies,34.868,,,2022
Czechia,CSP,,,,2022
Czechia,Heat Pumps,1.888,EHPA (2023),,2022
Czechia,Hydropower,1.4,EurObserv'ER (2022),,2022
Czechia,Municipal and industrial waste,0.1,EurObserv'ER (2022),,2022
Czechia,Others,,,,2022
Czechia,Solar Heating / Cooling,0.2,EurObserv'ER (2022),,2022
Czechia,Solid Biomass,15.9,EurObserv'ER (2022),,2022
Czechia,"Tide, Wave and Ocean Energy",,,,2022
Czechia,Wind Energy,0.54,IRENA estimate,Based on employment factors and capacity data,2022
Democratic Republic of the Congo,All technologies,7.674,,,2022
Democratic Republic of the Congo,CSP,,,,2022
Democratic Republic of the Congo,Heat Pumps,,,,2022
Democratic Republic of the Congo,Hydropower,7.674,IRENA Estimate,,2022
Democratic Republic of the Congo,Municipal and industrial waste,,,,2022
Democratic Republic of the Congo,Others,,,,2022
Democratic Republic of the Congo,Solar Heating / Cooling,,,,2022
Democratic Republic of the Congo,Solid Biomass,,,,2022
Democratic Republic of the Congo,"Tide, Wave and Ocean Energy",,,,2022
Democratic Republic of the Congo,Wind Energy,,,,2022
Denmark,All technologies,50.32424,,,2022
Denmark,CSP,,,,2022
Denmark,Heat Pumps,3.48924,EHPA (2023),,2022
Denmark,Hydropower,0.1,EurObserv'ER (2022),,2022
Denmark,Municipal and industrial waste,0.3,EurObserv'ER (2022),,2022
Denmark,Others,,,,2022
Denmark,Solar Heating / Cooling,1.5,EurObserv'ER (2022),,2022
Denmark,Solid Biomass,12.9,EurObserv'ER (2022),,2022
Denmark,"Tide, Wave and Ocean Energy",,,,2022
Denmark,Wind Energy,22.6,IRENA estimate,Based on employment factors and capacity data,2022
Dominican Republic,All technologies,0.3,,,2022
Dominican Republic,CSP,,,,2022
Dominican Republic,Heat Pumps,,,,2022
Dominican Republic,Hydropower,,,,2022
Dominican Republic,Municipal and industrial waste,,,,2022
Dominican Republic,Others,,,,2022
Dominican Republic,Solar Heating / Cooling,,,,2022
Dominican Republic,Solid Biomass,,,,2022
Dominican Republic,"Tide, Wave and Ocean Energy",,,,2022
Dominican Republic,Wind Energy,0.3,IRENA estimate,Based on employment factors and capacity data,2022
Ecuador,All technologies,8.305,,,2022
Ecuador,CSP,0.009,IRENA Focal Point,,2022
Ecuador,Heat Pumps,,,,2022
Ecuador,Hydropower,8.194,IRENA Estimate,,2022
Ecuador,Municipal and industrial waste,0.016,IRENA Focal Point,,2022
Ecuador,Others,,,,2022
Ecuador,Solar Heating / Cooling,,,,2022
Ecuador,Solid Biomass,0.016,IRENA focal point,,2022
Ecuador,"Tide, Wave and Ocean Energy",,,,2022
Ecuador,Wind Energy,0.017,IRENA Estimate,Based on employment factors and capacity data,2022
Egypt,All technologies,3.72,,,2022
Egypt,CSP,0.2,NREA Egypt (2016) ,,2022
Egypt,Heat Pumps,,,,2022
Egypt,Hydropower,0.32,NREA Egypt (2016) ,,2022
Egypt,Municipal and industrial waste,,,,2022
Egypt,Others,,,,2022
Egypt,Solar Heating / Cooling,0.3,NREA Egypt (2016) ,,2022
Egypt,Solid Biomass,,,,2022
Egypt,"Tide, Wave and Ocean Energy",,,,2022
Egypt,Wind Energy,0.9,IRENA estimate,Based on employment factors and capacity data,2022
El Salvador,All technologies,0.163,,,2022
El Salvador,CSP,,,,2022
El Salvador,Heat Pumps,,,,2022
El Salvador,Hydropower,,,,2022
El Salvador,Municipal and industrial waste,,,,2022
El Salvador,Others,,,,2022
El Salvador,Solar Heating / Cooling,,,,2022
El Salvador,Solid Biomass,,,,2022
El Salvador,"Tide, Wave and Ocean Energy",,,,2022
El Salvador,Wind Energy,,,,2022
Estonia,All technologies,12.544,,,2022
Estonia,CSP,,,,2022
Estonia,Heat Pumps,0.936,EHPA (2023),,2022
Estonia,Hydropower,0.1,EurObserv'ER (2022),,2022
Estonia,Municipal and industrial waste,0.1,EurObserv'ER (2022),,2022
Estonia,Others,,,,2022
Estonia,Solar Heating / Cooling,0.1,EurObserv'ER (2022),,2022
Estonia,Solid Biomass,8.3,EurObserv'ER (2022),,2022
Estonia,"Tide, Wave and Ocean Energy",,,,2022
Estonia,Wind Energy,0.53,IRENA estimate,Based on employment factors and capacity data,2022
Ethiopia,All technologies,57.81875,,,2022
Ethiopia,CSP,,,,2022
Ethiopia,Heat Pumps,,,,2022
Ethiopia,Hydropower,45.374,IRENA Estimate,,2022
Ethiopia,Municipal and industrial waste,,,,2022
Ethiopia,Others,,,,2022
Ethiopia,Solar Heating / Cooling,,,,2022
Ethiopia,Solid Biomass,,,,2022
Ethiopia,"Tide, Wave and Ocean Energy",,,,2022
Ethiopia,Wind Energy,0.26,IRENA Estimate,Based on employment factors and capacity data,2022
Finland,All technologies,35.987,,,2022
Finland,CSP,,,,2022
Finland,Heat Pumps,5.017,EHPA (2023),,2022
Finland,Hydropower,0.5,EurObserv'ER (2022),,2022
Finland,Municipal and industrial waste,0.2,EurObserv'ER (2022),,2022
Finland,Others,,,,2022
Finland,Solar Heating / Cooling,0.1,EurObserv'ER (2022),,2022
Finland,Solid Biomass,19.2,EurObserv'ER (2022),,2022
Finland,"Tide, Wave and Ocean Energy",,,,2022
Finland,Wind Energy,7.4,IRENA estimate,Based on employment factors and capacity data,2022
France,All technologies,150.026,,,2022
France,CSP,,,,2022
France,Liquid Biofuels,18.8,EurObserv'ER (2022),,2022
France,Heat Pumps,26.597,EHPA (2023),,2022
France,Hydropower,13.347,IRENA Estimate,,2022
France,Municipal and industrial waste,1.3,EurObserv'ER (2022),,2022
France,Others,,,,2022
France,Solar Heating / Cooling,1.5,EurObserv'ER (2022),,2022
France,Solid Biomass,24.9,EurObserv'ER (2022),,2022
France,"Tide, Wave and Ocean Energy",,,,2022
France,Wind Energy,30.7,IRENA estimate,Based on employment factors and capacity data,2022
Gabon,All technologies,0.298,,,2022
Gabon,CSP,,,,2022
Gabon,Liquid Biofuels,,,,2022
Gabon,Heat Pumps,,,,2022
Gabon,Hydropower,0.298,IRENA Estimate,,2022
Gabon,Municipal and industrial waste,,,,2022
Gabon,Others,,,,2022
Gabon,Solar Heating / Cooling,,,,2022
Gabon,Solid Biomass,,,,2022
Gabon,"Tide, Wave and Ocean Energy",,,,2022
Gabon,Wind Energy,,,,2022
Germany,All technologies,354.412,,,2022
Germany,Liquid biofuels,12.4,EurObserv'ER (2022),,2022
Germany,CSP,0.1,BMWi (2021),,2022
Germany,Biogas,24.2,EurObserv'ER (2022),,2022
Germany,Heat Pumps,16.534,EHPA (2023),,2022
Germany,Hydropower,5.32,IRENA Estimate,,2022
Germany,Municipal and industrial waste,3.9,EurObserv'ER (2022),,2022
Germany,Others,,,,2022
Germany,Solar Heating / Cooling,17,EurObserv'ER (2022),,2022
Germany,Solid Biomass,41.3,EurObserv'ER (2022),,2022
Germany,"Tide, Wave and Ocean Energy",,,,2022
Germany,Wind Energy,139,IRENA estimate,Based on employment factors and capacity data,2022
Ghana,All technologies,13.717,,,2022
Ghana,Liquid biofuels,,,,2022
Ghana,CSP,,,,2022
Ghana,Biogas,,,,2022
Ghana,Heat Pumps,,,,2022
Ghana,Hydropower,12.483,IRENA Estimate,,2022
Ghana,Municipal and industrial waste,,,,2022
Ghana,Others,,,,2022
Ghana,Solar Heating / Cooling,,,,2022
Ghana,Solid Biomass,,,,2022
Ghana,"Tide, Wave and Ocean Energy",,,,2022
Ghana,Wind Energy,,,,2022
Greece,All technologies,41.942,,,2022
Greece,Biogas,0.7,EurObserv'ER (2022),,2022
Greece,CSP,,,,2022
Greece,Geothermal Energy,0.1,EurObserv'ER (2022),,2022
Greece,Heat Pumps,,,,2022
Greece,Hydropower,0.9,EurObserv'ER (2022),,2022
Greece,Liquid Biofuels,2.6,EurObserv'ER (2022),,2022
Greece,Municipal and industrial waste,0.1,EurObserv'ER (2022),,2022
Greece,Others,,,,2022
Greece,Solar Heating / Cooling,2.3,EurObserv'ER (2022),,2022
Greece,Solar Photovoltaic,29.742,IRENA estimate,Based on capacity and manufacturing trends,2022
Greece,Solid Biomass,0.8,EurObserv'ER (2022),,2022
Greece,"Tide, Wave and Ocean Energy",,,,2022
Greece,Wind Energy,4.7,IRENA estimate,Based on employment factors and capacity data,2022
Guinea,All technologies,1,,,2022
Guinea,Biogas,,,,2022
Guinea,CSP,,,,2022
Guinea,Geothermal Energy,,,,2022
Guinea,Heat Pumps,,,,2022
Guinea,Hydropower,,,,2022
Guinea,Liquid Biofuels,,,,2022
Guinea,Municipal and industrial waste,,,,2022
Guinea,Others,,,,2022
Guinea,Solar Heating / Cooling,,,,2022
Guinea,Solar Photovoltaic,1,IRENA estimate,Based on capacity and manufacturing trends,2022
Guinea,Solid Biomass,,,,2022
Guinea,"Tide, Wave and Ocean Energy",,,,2022
Guinea,Wind Energy,,,,2022
Hungary,All technologies,33.28106,,,2022
Hungary,Geothermal energy,0.5,EurObserv'ER (2022),,2022
Hungary,CSP,,,,2022
Hungary,Heat Pumps,0.41406,EHPA (2023),,2022
Hungary,Hydropower,0.2,EurObserv'ER (2022),,2022
Hungary,Biogas,0.4,EurObserv'ER (2022),,2022
Hungary,Municipal and industrial waste,0.1,EurObserv'ER (2022),,2022
Hungary,Others,,,,2022
Hungary,Solar Heating / Cooling,0.4,EurObserv'ER (2022),,2022
Hungary,Solid Biomass,12.1,EurObserv'ER (2022),,2022
Hungary,"Tide, Wave and Ocean Energy",,,,2022
Hungary,Wind Energy,0.8,IRENA estimate,Based on employment factors and capacity data,2022
Iceland,All technologies,1.548,,,2022
Iceland,Geothermal energy,0.784,IRENA focal point,,2022
Iceland,CSP,,,,2022
Iceland,Heat Pumps,,,,2022
Iceland,Hydropower,0.763,IRENA Estimate,,2022
Iceland,Biogas,,,,2022
Iceland,Municipal and industrial waste,,,,2022
Iceland,Others,,,,2022
Iceland,Solar Heating / Cooling,,,,2022
Iceland,Solid Biomass,,,,2022
Iceland,"Tide, Wave and Ocean Energy",,,,2022
Iceland,Wind Energy,0.001,IRENA estimate,Based on employment factors and capacity data,2022
India,All technologies,988.252,,,2022
India,CSP,,,,2022
India,Heat Pumps,,,,2022
India,Hydropower,465.997,IRENA Estimate,,2022
India,Geothermal Energy,,,,2022
India,Municipal and industrial waste,,,,2022
India,Others,,,,2022
India,Solar Heating / Cooling,22.2,IRENA estimate,Based on employment factors and capacity data,2022
India,Solid Biomass,58,MNRE and CII (2010),,2022
India,"Tide, Wave and Ocean Energy",,,,2022
India,Wind Energy,40,IRENA estimate,Based on employment factors and capacity data,2022
Indonesia,All technologies,649.305,,,2022
Indonesia,CSP,,,,2022
Indonesia,Heat Pumps,,,,2022
Indonesia,Hydropower,23.275,IRENA Estimate,,2022
Indonesia,Geothermal Energy,7,Chevron Indonesia (2012),Only employed by Chevron,2022
Indonesia,Municipal and industrial waste,,,,2022
Indonesia,Others,,,,2022
Indonesia,Solar Heating / Cooling,,,,2022
Indonesia,Solid Biomass,,,,2022
Indonesia,"Tide, Wave and Ocean Energy",,,,2022
Indonesia,Wind Energy,,,,2022
Iran (Islamic Republic of),All technologies,57.165,,,2022
Iran (Islamic Republic of),CSP,,,,2022
Iran (Islamic Republic of),Heat Pumps,,,,2022
Iran (Islamic Republic of),Hydropower,19.805,IRENA Estimate,,2022
Iran (Islamic Republic of),Municipal and industrial waste,0.78,IRENA focal point,,2022
Iran (Islamic Republic of),Others,,,,2022
Iran (Islamic Republic of),Solar Heating / Cooling,,,,2022
Iran (Islamic Republic of),Solid Biomass,0,IRENA focal point,,2022
Iran (Islamic Republic of),"Tide, Wave and Ocean Energy",,,,2022
Iran (Islamic Republic of),Wind Energy,3,IRENA focal point,,2022
Ireland,All technologies,7.88848,,,2022
Ireland,CSP,,,,2022
Ireland,Heat Pumps,1.35748,EHPA (2023),,2022
Ireland,Hydropower,0.1,EurObserv'ER (2022),,2022
Ireland,Municipal and industrial waste,0.1,EurObserv'ER (2022),,2022
Ireland,Others,,,,2022
Ireland,Solar Heating / Cooling,0.1,EurObserv'ER (2022),,2022
Ireland,Solid Biomass,2.1,EurObserv'ER (2022),,2022
Ireland,"Tide, Wave and Ocean Energy",,,,2022
Ireland,Wind Energy,3.6,IRENA estimate,Based on employment factors and capacity data,2022
Israel,All technologies,17.09,,,2022
Israel,CSP,0.1,IRENA focal point,,2022
Israel,Heat Pumps,,,,2022
Israel,Hydropower,,,,2022
Israel,Municipal and industrial waste,0.15,IRENA focal point,,2022
Israel,Others,,,,2022
Israel,Solar Heating / Cooling,2.63,IRENA estimate,Based on employment factors and capacity data,2022
Israel,Solid Biomass,0.04,IRENA focal point,,2022
Israel,"Tide, Wave and Ocean Energy",0.01,IRENA focal point,,2022
Israel,Wind Energy,0.1,IRENA focal point,,2022
Italy,All technologies,110.642,,,2022
Italy,CSP,,,,2022
Italy,Heat Pumps,18.244,EHPA (2023),,2022
Italy,Hydropower,9.852,IRENA Estimate,,2022
Italy,Municipal and industrial waste,1.7,EurObserv'ER (2022),,2022
Italy,Others,,,,2022
Italy,Solar Heating / Cooling,1.5,EurObserv'ER (2022),,2022
Italy,Solid Biomass,21.1,EurObserv'ER (2022),,2022
Italy,"Tide, Wave and Ocean Energy",,,,2022
Italy,Wind Energy,8.3,IRENA estimate,Based on employment factors and capacity data,2022
Japan,All technologies,143.174,,,2022
Japan,CSP,,,,2022
Japan,Heat Pumps,,,,2022
Japan,Hydropower,10.468,IRENA Estimate,,2022
Japan,Municipal and industrial waste,,,,2022
Japan,Others,,,,2022
Japan,Solar Heating / Cooling,0.39,IRENA estimate,Based on employment factors and capacity data,2022
Japan,Solid Biomass,,,,2022
Japan,"Tide, Wave and Ocean Energy",,,,2022
Japan,Wind Energy,2,IRENA estimate,Based on employment factors and capacity data,2022
Jordan,All technologies,17.1,,,2022
Jordan,CSP,,,,2022
Jordan,Heat Pumps,,,,2022
Jordan,Hydropower,,,,2022
Jordan,Municipal and industrial waste,,,,2022
Jordan,Others,,,,2022
Jordan,Solar Heating / Cooling,11,IRENA focal point,Direct and indirect jobs. Expert judgement.,2022
Jordan,Solid Biomass,,,,2022
Jordan,"Tide, Wave and Ocean Energy",,,,2022
Jordan,Wind Energy,0.3,IRENA estimate,Based on employment factors and capacity data,2022
Kazakhstan,All technologies,3.365,,,2022
Kazakhstan,CSP,,,,2022
Kazakhstan,Heat Pumps,,,,2022
Kazakhstan,Hydropower,2.379,IRENA Estimate,,2022
Kazakhstan,Municipal and industrial waste,,,,2022
Kazakhstan,Others,,,,2022
Kazakhstan,Solar Heating / Cooling,,,,2022
Kazakhstan,Solid Biomass,,,,2022
Kazakhstan,"Tide, Wave and Ocean Energy",,,,2022
Kazakhstan,Wind Energy,0.533,IRENA estimate,Based on employment factors and capacity data,2022
Kenya,All technologies,18.6236,,,2022
Kenya,CSP,,,,2022
Kenya,Heat Pumps,,,,2022
Kenya,Hydropower,,,,2022
Kenya,Municipal and industrial waste,,,,2022
Kenya,Others,,,,2022
Kenya,Solar Heating / Cooling,,,,2022
Kenya,Solid Biomass,,,,2022
Kenya,"Tide, Wave and Ocean Energy",,,,2022
Kenya,Wind Energy,0.23,IRENA estimate,Based on employment factors and capacity data,2022
Kyrgyzstan,All technologies,2.26,,,2022
Kyrgyzstan,CSP,,,,2022
Kyrgyzstan,Heat Pumps,,,,2022
Kyrgyzstan,Hydropower,2,IRENA estimate,,2022
Kyrgyzstan,Municipal and industrial waste,,,,2022
Kyrgyzstan,Others,0.15,IRENA estimate,Equipment manufacturing for all renewables,2022
Kyrgyzstan,Solar Heating / Cooling,0.02,IRENA estimate,O&M jobs only,2022
Kyrgyzstan,Solid Biomass,,,,2022
Kyrgyzstan,"Tide, Wave and Ocean Energy",,,,2022
Kyrgyzstan,Wind Energy,,,,2022
Latvia,All technologies,27.055,,,2022
Latvia,CSP,,,,2022
Latvia,Heat Pumps,,,,2022
Latvia,Hydropower,0.5,EurObserv'ER (2022),,2022
Latvia,Municipal and industrial waste,0.1,EurObserv'ER (2022),,2022
Latvia,Others,,,,2022
Latvia,Solar Heating / Cooling,0.1,EurObserv'ER (2022),,2022
Latvia,Solid Biomass,17.7,EurObserv'ER (2022),,2022
Latvia,"Tide, Wave and Ocean Energy",,,,2022
Latvia,Wind Energy,0.155,IRENA estimate,Based on employment factors and capacity data,2022
Lebanon,All technologies,5.12,,,2022
Lebanon,CSP,,,,2022
Lebanon,Heat Pumps,,,,2022
Lebanon,Hydropower,,,,2022
Lebanon,Municipal and industrial waste,,,,2022
Lebanon,Others,,,,2022
Lebanon,Solar Heating / Cooling,0.29,IRENA estimate,Based on employment factors and capacity data,2022
Lebanon,Solid Biomass,0.02,IRENA focal point,,2022
Lebanon,"Tide, Wave and Ocean Energy",,,,2022
Lebanon,Wind Energy,0.01,IRENA estimate,Based on employment factors and capacity data,2022
Lesotho,All technologies,0.09,,,2022
Lesotho,CSP,,,,2022
Lesotho,Heat Pumps,,,,2022
Lesotho,Hydropower,,,,2022
Lesotho,Municipal and industrial waste,,,,2022
Lesotho,Others,,,,2022
Lesotho,Solar Heating / Cooling,,,,2022
Lesotho,Solid Biomass,,,,2022
Lesotho,"Tide, Wave and Ocean Energy",,,,2022
Lesotho,Wind Energy,,,,2022
Libya,All technologies,0.5,,,2022
Libya,CSP,,,,2022
Libya,Solar Photovoltaic,,,,2022
Libya,Heat Pumps,,,,2022
Libya,Hydropower,,,,2022
Libya,Municipal and industrial waste,,,,2022
Libya,Others,0.5,IRENA estimate,,2022
Libya,Solar Heating / Cooling,,,,2022
Libya,Liquid biofuels,,,,2022
Libya,Solid Biomass,,,,2022
Libya,"Tide, Wave and Ocean Energy",,,,2022
Libya,Wind Energy,,,,2022
Lithuania,All technologies,31.372,,,2022
Lithuania,CSP,,,,2022
Lithuania,Solar Photovoltaic,10.478,IRENA estimate,Based on capacity and manufacturing trends,2022
Lithuania,Heat Pumps,1.294,EHPA (2023),,2022
Lithuania,Hydropower,0.3,EurObserv'ER (2022),,2022
Lithuania,Municipal and industrial waste,0.1,EurObserv'ER (2022),,2022
Lithuania,Others,,,,2022
Lithuania,Solar Heating / Cooling,0.1,EurObserv'ER (2022),,2022
Lithuania,Liquid biofuels,7.2,EurObserv'ER (2022),,2022
Lithuania,Solid Biomass,9.2,EurObserv'ER (2022),,2022
Lithuania,"Tide, Wave and Ocean Energy",,,,2022
Lithuania,Wind Energy,2.3,IRENA estimate,Based on employment factors and capacity data,2022
Luxembourg,All technologies,1.409,,,2022
Luxembourg,Solar Photovoltaic,0.309,IRENA estimate,Based on capacity and manufacturing trends,2022
Luxembourg,CSP,,,,2022
Luxembourg,Heat Pumps,,,,2022
Luxembourg,Hydropower,0.2,EurObserv'ER (2022),,2022
Luxembourg,Municipal and industrial waste,0.1,EurObserv'ER (2022),,2022
Luxembourg,Others,,,,2022
Luxembourg,Solar Heating / Cooling,0.1,EurObserv'ER (2022),,2022
Luxembourg,Biogas,0.1,EurObserv'ER (2022),,2022
Luxembourg,Solid Biomass,0.3,EurObserv'ER (2022),,2022
Luxembourg,"Tide, Wave and Ocean Energy",,,,2022
Luxembourg,Wind Energy,0.1,IRENA estimate,Based on employment factors and capacity data,2022
Malaysia,All technologies,128.699,,,2022
Malaysia,Solar Photovoltaic,45,IRENA estimate,Based on capacity and manufacturing trends,2022
Malaysia,CSP,,,,2022
Malaysia,Heat Pumps,,,,2022
Malaysia,Hydropower,7.625,IRENA Estimate,,2022
Malaysia,Municipal and industrial waste,,,,2022
Malaysia,Others,,,,2022
Malaysia,Solar Heating / Cooling,,,,2022
Malaysia,Biogas,3.712,IRENA focal point,,2022
Malaysia,Solid Biomass,5.742,IRENA focal point,Direct and indirect jobs.,2022
Malaysia,"Tide, Wave and Ocean Energy",,,,2022
Malaysia,Wind Energy,,,,2022
Mali,All technologies,1.9,,,2022
Mali,CSP,,,,2022
Mali,Heat Pumps,,,,2022
Mali,Hydropower,,,,2022
Mali,Solar Photovoltaic,1.9,IRENA estimate,,2022
Mali,Municipal and industrial waste,,,,2022
Mali,Others,,,,2022
Mali,Solar Heating / Cooling,,,,2022
Mali,Geothermal energy,,,,2022
Mali,Solid Biomass,,,,2022
Mali,"Tide, Wave and Ocean Energy",,,,2022
Mali,Wind Energy,,,,2022
Malta,All technologies,0.845,,,2022
Malta,CSP,,,,2022
Malta,Heat Pumps,,,,2022
Malta,Hydropower,0.1,EurObserv'ER (2022),,2022
Malta,Solar Photovoltaic,0.051,IRENA estimate,Based on capacity and manufacturing trends,2022
Malta,Municipal and industrial waste,0.1,EurObserv'ER (2022),,2022
Malta,Others,,,,2022
Malta,Solar Heating / Cooling,0.1,EurObserv'ER (2022),,2022
Malta,Geothermal energy,0.1,EurObserv'ER (2022),,2022
Malta,Solid Biomass,0.1,EurObserv'ER (2022),,2022
Malta,"Tide, Wave and Ocean Energy",,,,2022
Malta,Wind Energy,0.094,IRENA estimate,Based on employment factors and capacity data,2022
Mauritius,All technologies,1.369375,,,2022
Mauritius,CSP,,,,2022
Mauritius,Heat Pumps,,,,2022
Mauritius,Hydropower,,,,2022
Mauritius,Municipal and industrial waste,,,,2022
Mauritius,Others,,,,2022
Mauritius,Solar Heating / Cooling,0.069375,IRENA estimate,Based on employment factors and capacity data,2022
Mauritius,Solid Biomass,,,,2022
Mauritius,"Tide, Wave and Ocean Energy",,,,2022
Mauritius,Wind Energy,,,,2022
Mexico,All technologies,78.675,,,2022
Mexico,CSP,,,,2022
Mexico,Heat Pumps,,,,2022
Mexico,Hydropower,20.355,IRENA Estimate,,2022
Mexico,Municipal and industrial waste,,,,2022
Mexico,Others,,,,2022
Mexico,Solar Heating / Cooling,4.63,IRENA estimate,Based on employment factors and capacity data,2022
Mexico,Solid Biomass,11.34,IRENA focal point,"Includes biogas, Direct & Indirect jobs based on I-O model.",2022
Mexico,"Tide, Wave and Ocean Energy",,,,2022
Mexico,Wind Energy,5.9,IRENA estimate,Based on employment factors and capacity data,2022
Moldova,All technologies,0.061,,,2022
Moldova,CSP,,,,2022
Moldova,Heat Pumps,,,,2022
Moldova,Hydropower,,,,2022
Moldova,Municipal and industrial waste,,,,2022
Moldova,Others,,,,2022
Moldova,Solar Heating / Cooling,,,,2022
Moldova,Solid Biomass,,,,2022
Moldova,"Tide, Wave and Ocean Energy",,,,2022
Moldova,Wind Energy,0.061,IRENA estimate,Based on employment factors and capacity data,2022
Mongolia,All technologies,0.312,,,2022
Mongolia,CSP,,,,2022
Mongolia,Heat Pumps,,,,2022
Mongolia,Hydropower,0.173,IRENA Estimate,,2022
Mongolia,Municipal and industrial waste,,,,2022
Mongolia,Others,,,,2022
Mongolia,Solar Heating / Cooling,,,,2022
Mongolia,Solid Biomass,,,,2022
Mongolia,"Tide, Wave and Ocean Energy",,,,2022
Mongolia,Wind Energy,0.1,IRENA estimate,Based on employment factors and capacity data,2022
Montenegro,All technologies,0.08,,,2022
Montenegro,CSP,,,,2022
Montenegro,Heat Pumps,,,,2022
Montenegro,Hydropower,,,,2022
Montenegro,Municipal and industrial waste,,,,2022
Montenegro,Others,,,,2022
Montenegro,Solar Heating / Cooling,,,,2022
Montenegro,Solid Biomass,,,,2022
Montenegro,"Tide, Wave and Ocean Energy",,,,2022
Montenegro,Wind Energy,0.08,IRENA estimate,Based on employment factors and capacity data,2022
Morocco,All technologies,12.147,,,2022
Morocco,CSP,1.8,Zawya (2015),,2022
Morocco,Heat Pumps,,,,2022
Morocco,Hydropower,7.327,IRENA Estimate,,2022
Morocco,Municipal and industrial waste,,,,2022
Morocco,Others,,,,2022
Morocco,Solar Heating / Cooling,0.82,IRENA estimate,Based on employment factors and capacity data,2022
Morocco,Solid Biomass,,,,2022
Morocco,"Tide, Wave and Ocean Energy",,,,2022
Morocco,Wind Energy,1.9,IRENA estimate,Based on employment factors and capacity data,2022
Mozambique,All technologies,1.282,,,2022
Mozambique,CSP,,,,2022
Mozambique,Heat Pumps,,,,2022
Mozambique,Hydropower,,,,2022
Mozambique,Municipal and industrial waste,,,,2022
Mozambique,Others,,,,2022
Mozambique,Solar Heating / Cooling,0.01,IRENA estimate,Based on employment factors and capacity data,2022
Mozambique,Solid Biomass,,,,2022
Mozambique,"Tide, Wave and Ocean Energy",,,,2022
Mozambique,Wind Energy,,,,2022
Myanmar,All technologies,16.112,,,2022
Myanmar,CSP,,,,2022
Myanmar,Heat Pumps,,,,2022
Myanmar,Hydropower,16.112,IRENA Estimate,,2022
Myanmar,Municipal and industrial waste,,,,2022
Myanmar,Others,,,,2022
Myanmar,Solar Heating / Cooling,,,,2022
Myanmar,Solid Biomass,,,,2022
Myanmar,"Tide, Wave and Ocean Energy",,,,2022
Myanmar,Wind Energy,,,,2022
Namibia,All technologies,0.51,,,2022
Namibia,CSP,,,,2022
Namibia,Heat Pumps,,,,2022
Namibia,Hydropower,,,,2022
Namibia,Municipal and industrial waste,,,,2022
Namibia,Others,,,,2022
Namibia,Solar Heating / Cooling,0.05,IRENA estimate,Based on employment factors and capacity data,2022
Namibia,Solid Biomass,,,,2022
Namibia,"Tide, Wave and Ocean Energy",,,,2022
Namibia,Wind Energy,,,,2022
Nepal,All technologies,1,,,2022
Nepal,CSP,,,,2022
Nepal,Heat Pumps,,,,2022
Nepal,Hydropower,,,,2022
Nepal,Municipal and industrial waste,,,,2022
Nepal,Others,,,,2022
Nepal,Solar Heating / Cooling,,,,2022
Nepal,Solid Biomass,,,,2022
Nepal,"Tide, Wave and Ocean Energy",,,,2022
Nepal,Wind Energy,,,,2022
Netherlands,All technologies,87.85728,,,2022
Netherlands,CSP,,,,2022
Netherlands,Heat Pumps,5.24328,EHPA (2023),,2022
Netherlands,Hydropower,0.1,EurObserv'ER (2022),,2022
Netherlands,Municipal and industrial waste,0.8,EurObserv'ER (2022),,2022
Netherlands,Others,,,,2022
Netherlands,Solar Heating / Cooling,0.1,EurObserv'ER (2022),,2022
Netherlands,Solid Biomass,23.3,EurObserv'ER (2022),,2022
Netherlands,"Tide, Wave and Ocean Energy",,,,2022
Netherlands,Wind Energy,25,IRENA estimate,Based on employment factors and capacity data,2022
New Zealand,All technologies,3.107,,,2022
New Zealand,CSP,,,,2022
New Zealand,Heat Pumps,,,,2022
New Zealand,Hydropower,2.21,IRENA Estimate,,2022
New Zealand,Municipal and industrial waste,,,,2022
New Zealand,Others,,,,2022
New Zealand,Solar Heating / Cooling,,,,2022
New Zealand,Solid Biomass,,,,2022
New Zealand,"Tide, Wave and Ocean Energy",,,,2022
New Zealand,Wind Energy,0.27,IRENA estimate,Based on employment factors and capacity data,2022
Nicaragua,All technologies,8.41,,,2022
Nicaragua,CSP,,,,2022
Nicaragua,Liquid Biofuels,,,,2022
Nicaragua,Heat Pumps,,,,2022
Nicaragua,Hydropower,1.26,IRENA focal point,,2022
Nicaragua,Municipal and industrial waste,,,,2022
Nicaragua,Others,,,,2022
Nicaragua,Solar Heating / Cooling,,,,2022
Nicaragua,Solid Biomass,2.73,IRENA focal point,,2022
Nicaragua,"Tide, Wave and Ocean Energy",,,,2022
Nicaragua,Wind Energy,2.26,IRENA focal point,,2022
Nigeria,All technologies,44.8083,,,2022
Nigeria,CSP,,,,2022
Nigeria,Liquid Biofuels,,,,2022
Nigeria,Heat Pumps,,,,2022
Nigeria,Hydropower,10.555,IRENA Estimate,,2022
Nigeria,Municipal and industrial waste,,,,2022
Nigeria,Others,,,,2022
Nigeria,Solar Heating / Cooling,0.05,IRENA estimate,Based on employment factors and capacity data,2022
Nigeria,Solid Biomass,,,,2022
Nigeria,"Tide, Wave and Ocean Energy",,,,2022
Nigeria,Wind Energy,,,,2022
North Macedonia,All technologies,0.251,,,2022
North Macedonia,Liquid biofuels,,,,2022
North Macedonia,CSP,,,,2022
North Macedonia,Biogas,,,,2022
North Macedonia,Heat Pumps,,,,2022
North Macedonia,Hydropower,,,,2022
North Macedonia,Municipal and industrial waste,,,,2022
North Macedonia,Others,,,,2022
North Macedonia,Solar Heating / Cooling,0.12,IRENA estimate,Based on employment factors and capacity data,2022
North Macedonia,Solid Biomass,,,,2022
North Macedonia,"Tide, Wave and Ocean Energy",,,,2022
North Macedonia,Wind Energy,0.031,IRENA estimate,Based on employment factors and capacity data,2022
Norway,All technologies,19.75289688,,,2022
Norway,Liquid biofuels,,,,2022
Norway,CSP,,,,2022
Norway,Biogas,,,,2022
Norway,Heat Pumps,4.2261,EHPA (2023),,2022
Norway,Hydropower,10.624,IRENA Estimate,,2022
Norway,Municipal and industrial waste,,,,2022
Norway,Others,,,,2022
Norway,Solar Heating / Cooling,0.043796875,IRENA estimate,Based on employment factors and capacity data,2022
Norway,Solid Biomass,2.35,INTPOW (2009),"The figure given in the source is for all bioenergy. Here, it is assigned to Solid Biomass",2022
Norway,"Tide, Wave and Ocean Energy",,,,2022
Norway,Wind Energy,2,IRENA estimate,Based on employment factors and capacity data,2022
"Other East, Central and West Africa",All technologies,62.45955,,,2022
"Other East, Central and West Africa",Solar Photovoltaic,62.45955,,Offgrid solar jobs,2022
Other South Asia (excluding Bangladesh and India),All technologies,11.8,,,2022
Oman,All technologies,3.6,,,2022
Oman,Geothermal energy,,,,2022
Oman,CSP,,,,2022
Oman,Heat Pumps,,,,2022
Oman,Hydropower,,,,2022
Oman,Biogas,,,,2022
Oman,Municipal and industrial waste,,,,2022
Oman,Others,,,,2022
Oman,Solar Heating / Cooling,,,,2022
Oman,Solid Biomass,,,,2022
Oman,"Tide, Wave and Ocean Energy",,,,2022
Oman,Wind Energy,,,,2022
Pakistan,All technologies,112.285,,,2022
Pakistan,Geothermal energy,,,,2022
Pakistan,CSP,,,,2022
Pakistan,Heat Pumps,,,,2022
Pakistan,Hydropower,103.585,IRENA Estimate,,2022
Pakistan,Biogas,1,IRENA estimate,,2022
Pakistan,Municipal and industrial waste,,,,2022
Pakistan,Others,,,,2022
Pakistan,Solar Heating / Cooling,0.5,IRENA estimate,Based on employment factors and capacity data,2022
Pakistan,Solid Biomass,,,,2022
Pakistan,"Tide, Wave and Ocean Energy",,,,2022
Pakistan,Wind Energy,1.9,IRENA estimate,Based on employment factors and capacity data,2022
Panama,All technologies,1.883,,,2022
Panama,CSP,,,,2022
Panama,Heat Pumps,,,,2022
Panama,Hydropower,0.776,IRENA focal point,,2022
Panama,Geothermal Energy,,,,2022
Panama,Municipal and industrial waste,,,,2022
Panama,Others,,,,2022
Panama,Solar Heating / Cooling,,,,2022
Panama,Solid Biomass,,,,2022
Panama,"Tide, Wave and Ocean Energy",,,,2022
Panama,Wind Energy,0.007,IRENA focal point,,2022
Paraguay,All technologies,14.927,,,2022
Paraguay,CSP,,,,2022
Paraguay,Heat Pumps,,,,2022
Paraguay,Hydropower,14.227,IRENA Estimate,,2022
Paraguay,Geothermal Energy,,,,2022
Paraguay,Municipal and industrial waste,,,,2022
Paraguay,Others,0.7,IRENA focal point,,2022
Paraguay,Solar Heating / Cooling,,,,2022
Paraguay,Solid Biomass,,,,2022
Paraguay,"Tide, Wave and Ocean Energy",,,,2022
Paraguay,Wind Energy,,,,2022
Peru,All technologies,10.931,,,2022
Peru,CSP,,,,2022
Peru,Heat Pumps,,,,2022
Peru,Hydropower,10.226,IRENA Estimate,,2022
Peru,Municipal and industrial waste,,,,2022
Peru,Others,,,,2022
Peru,Solar Heating / Cooling,,,,2022
Peru,Solid Biomass,0.038,IRENA focal point,,2022
Peru,"Tide, Wave and Ocean Energy",,,,2022
Peru,Wind Energy,0.3,IRENA estimate,Based on employment factors and capacity data,2022
Philippines,All technologies,76.527,,,2022
Philippines,CSP,,,,2022
Philippines,Heat Pumps,,,,2022
Philippines,Hydropower,6.495,IRENA Estimate,,2022
Philippines,Municipal and industrial waste,0.19,IRENA focal point,,2022
Philippines,Others,,,,2022
Philippines,Solar Heating / Cooling,,,,2022
Philippines,Solid Biomass,14.047,IRENA focal point,,2022
Philippines,"Tide, Wave and Ocean Energy",,,,2022
Philippines,Wind Energy,0.2,IRENA estimate,Based on employment factors and capacity data,2022
Poland,All technologies,212.442,,,2022
Poland,CSP,,,,2022
Poland,Heat Pumps,6.288,EHPA (2023),,2022
Poland,Hydropower,0.5,EurObserv'ER (2022),,2022
Poland,Municipal and industrial waste,1.9,EurObserv'ER (2022),,2022
Poland,Others,,,,2022
Poland,Solar Heating / Cooling,2.8,EurObserv'ER (2022),,2022
Poland,Solid Biomass,46.9,EurObserv'ER (2022),,2022
Poland,"Tide, Wave and Ocean Energy",,,,2022
Poland,Wind Energy,14.5,IRENA estimate,Based on employment factors and capacity data,2022
Portugal,All technologies,39.265,,,2022
Portugal,CSP,,,,2022
Portugal,Heat Pumps,1.629,EHPA (2023),,2022
Portugal,Hydropower,9.044,IRENA Estimate,,2022
Portugal,Municipal and industrial waste,0.2,EurObserv'ER (2022),,2022
Portugal,Others,,,,2022
Portugal,Solar Heating / Cooling,0.8,EurObserv'ER (2022),,2022
Portugal,Solid Biomass,8.7,EurObserv'ER (2022),,2022
Portugal,"Tide, Wave and Ocean Energy",,,,2022
Portugal,Wind Energy,5.4,IRENA estimate,Based on employment factors and capacity data,2022
Puerto Rico,All technologies,1.6,,,2022
Puerto Rico,CSP,,,,2022
Puerto Rico,Heat Pumps,,,,2022
Puerto Rico,Hydropower,,,,2022
Puerto Rico,Municipal and industrial waste,,,,2022
Puerto Rico,Others,,,,2022
Puerto Rico,Solar Heating / Cooling,,,,2022
Puerto Rico,Solid Biomass,,,,2022
Puerto Rico,"Tide, Wave and Ocean Energy",,,,2022
Puerto Rico,Wind Energy,,,,2022
Qatar,All technologies,5.6,,,2022
Qatar,CSP,,,,2022
Qatar,Heat Pumps,,,,2022
Qatar,Hydropower,,,,2022
Qatar,Municipal and industrial waste,,,,2022
Qatar,Others,,,,2022
Qatar,Solar Heating / Cooling,,,,2022
Qatar,Solid Biomass,,,,2022
Qatar,"Tide, Wave and Ocean Energy",,,,2022
Qatar,Wind Energy,,,,2022
Republic of Korea,All technologies,47.115,,,2022
Republic of Korea,CSP,,,,2022
Republic of Korea,Heat Pumps,,,,2022
Republic of Korea,Hydropower,0.675,IRENA Estimate,,2022
Republic of Korea,Municipal and industrial waste,0.1,IRENA focal point,Only in manufacturing ,2022
Republic of Korea,Others,17.05,IRENA focal point,"30 in Hydro-thermal sector and 17,020 in construction & installation of all renewables.",2022
Republic of Korea,Solar Heating / Cooling,0.1,IRENA estimate,Based on employment factors and capacity data,2022
Republic of Korea,Solid Biomass,1.01,IRENA focal point,Only in manufacturing ,2022
Republic of Korea,"Tide, Wave and Ocean Energy",,,,2022
Republic of Korea,Wind Energy,1.7,IRENA estimate,Based on employment factors and capacity data,2022
Romania,All technologies,41.53,,,2022
Romania,CSP,,,,2022
Romania,Heat Pumps,,,,2022
Romania,Hydropower,8.461,IRENA Estimate,,2022
Romania,Municipal and industrial waste,0.1,EurObserv'ER (2022),,2022
Romania,Others,,,,2022
Romania,Solar Heating / Cooling,0.1,EurObserv'ER (2022),,2022
Romania,Solid Biomass,8.7,EurObserv'ER (2022),,2022
Romania,"Tide, Wave and Ocean Energy",,,,2022
Romania,Wind Energy,2,IRENA estimate,Based on employment factors and capacity data,2022
Russian Federation,All technologies,52.666,,,2022
Russian Federation,CSP,,,,2022
Russian Federation,Heat Pumps,,,,2022
Russian Federation,Hydropower,47.076,IRENA Estimate,,2022
Russian Federation,Municipal and industrial waste,,,,2022
Russian Federation,Others,,,,2022
Russian Federation,Solar Heating / Cooling,0.01,IRENA estimate,Based on employment factors and capacity data,2022
Russian Federation,Solid Biomass,,,,2022
Russian Federation,"Tide, Wave and Ocean Energy",,,,2022
Russian Federation,Wind Energy,3,IRENA estimate,Based on employment factors and capacity data,2022
Rwanda,All technologies,1.075,,,2022
Rwanda,CSP,,,,2022
Rwanda,Heat Pumps,,,,2022
Rwanda,Hydropower,,,,2022
Rwanda,Municipal and industrial waste,,,,2022
Rwanda,Others,,,,2022
Rwanda,Solar Heating / Cooling,,,,2022
Rwanda,Solid Biomass,,,,2022
Rwanda,"Tide, Wave and Ocean Energy",,,,2022
Rwanda,Wind Energy,,,,2022
Senegal,All technologies,0.07,,,2022
Senegal,CSP,,,,2022
Senegal,Heat Pumps,,,,2022
Senegal,Hydropower,,,,2022
Senegal,Municipal and industrial waste,,,,2022
Senegal,Others,,,,2022
Senegal,Solar Heating / Cooling,0.03,IRENA estimate,Based on employment factors and capacity data,2022
Senegal,Solid Biomass,,,,2022
Senegal,"Tide, Wave and Ocean Energy",,,,2022
Senegal,Wind Energy,0.04,IRENA estimate,Based on employment factors and capacity data,2022
Serbia,All technologies,0.654,,,2022
Serbia,CSP,,,,2022
Serbia,Heat Pumps,,,,2022
Serbia,Hydropower,,,,2022
Serbia,Municipal and industrial waste,,,,2022
Serbia,Others,,,,2022
Serbia,Solar Heating / Cooling,,,,2022
Serbia,Solid Biomass,,,,2022
Serbia,"Tide, Wave and Ocean Energy",,,,2022
Serbia,Wind Energy,0.359,IRENA estimate,Based on employment factors and capacity data,2022
Singapore,All technologies,6,,,2022
Singapore,CSP,,,,2022
Singapore,Solar Photovoltaic,6,IRENA focal point,,2022
Singapore,Heat Pumps,,,,2022
Singapore,Hydropower,,,,2022
Singapore,Municipal and industrial waste,,,,2022
Singapore,Others,,,,2022
Singapore,Solar Heating / Cooling,,,,2022
Singapore,Liquid biofuels,,,,2022
Singapore,Solid Biomass,,,,2022
Singapore,"Tide, Wave and Ocean Energy",,,,2022
Singapore,Wind Energy,,,,2022
Slovakia,All technologies,11.84741,,,2022
Slovakia,CSP,,,,2022
Slovakia,Solar Photovoltaic,0.249,IRENA estimate,Based on capacity and manufacturing trends,2022
Slovakia,Heat Pumps,0.47041,EHPA (2023),,2022
Slovakia,Hydropower,0.5,EurObserv'ER (2022),,2022
Slovakia,Municipal and industrial waste,0.1,EurObserv'ER (2022),,2022
Slovakia,Others,,,,2022
Slovakia,Solar Heating / Cooling,0.1,EurObserv'ER (2022),,2022
Slovakia,Liquid biofuels,4.4,EurObserv'ER (2022),,2022
Slovakia,Solid Biomass,5.4,EurObserv'ER (2022),,2022
Slovakia,"Tide, Wave and Ocean Energy",,,,2022
Slovakia,Wind Energy,0.028,IRENA estimate,Based on employment factors and capacity data,2022
Slovenia,All technologies,3.504,,,2022
Slovenia,Solar Photovoltaic,0.7,IRENA estimate,Based on capacity and manufacturing trends,2022
Slovenia,CSP,,,,2022
Slovenia,Heat Pumps,,,,2022
Slovenia,Hydropower,1.104,IRENA Estimate,,2022
Slovenia,Municipal and industrial waste,0.1,EurObserv'ER (2022),,2022
Slovenia,Others,,,,2022
Slovenia,Solar Heating / Cooling,0.1,EurObserv'ER (2022),,2022
Slovenia,Biogas,0.1,EurObserv'ER (2022),,2022
Slovenia,Solid Biomass,1.1,EurObserv'ER (2022),,2022
Slovenia,"Tide, Wave and Ocean Energy",,,,2022
Slovenia,Wind Energy,0.1,IRENA estimate,Based on employment factors and capacity data,2022
South Africa,All technologies,24.559,,,2022
South Africa,Solar Photovoltaic,7.9,IRENA estimate,Based on capacity and manufacturing trends,2022
South Africa,CSP,10.442,IRENA focal point,,2022
South Africa,CSP,,,,2022
South Africa,Heat Pumps,,,,2022
South Africa,Hydropower,0.812,IRENA focal point,Small hydro only.,2022
South Africa,Municipal and industrial waste,,,,2022
South Africa,Others,,,,2022
South Africa,Solar Heating / Cooling,1.61,IRENA estimate,Based on employment factors and capacity data,2022
South Africa,Biogas,,,,2022
South Africa,Solid Biomass,,,,2022
South Africa,"Tide, Wave and Ocean Energy",,,,2022
South Africa,Wind Energy,3.2,IRENA estimate,Based on employment factors and capacity data,2022
Spain,All technologies,168.047,,,2022
Spain,CSP,,,,2022
Spain,CSP,5.1,APPA (2022),,2022
Spain,Heat Pumps,4.572,EHPA (2023),,2022
Spain,Hydropower,9.972,IRENA Estimate,,2022
Spain,Solar Photovoltaic,82.353,IRENA estimate,Based on capacity and manufacturing trends,2022
Spain,Municipal and industrial waste,0.3,EurObserv'ER (2022),,2022
Spain,Others,,,,2022
Spain,Solar Heating / Cooling,5.4,EurObserv'ER (2022),,2022
Spain,Geothermal energy,0.1,EurObserv'ER (2022),,2022
Spain,Solid Biomass,17.4,EurObserv'ER (2022),,2022
Spain,"Tide, Wave and Ocean Energy",0.35,APPA (2022),,2022
Spain,Wind Energy,27.7,IRENA estimate,Based on employment factors and capacity data,2022
Sri Lanka,All technologies,0.13,,,2022
Sri Lanka,CSP,,,,2022
Sri Lanka,Heat Pumps,,,,2022
Sri Lanka,Hydropower,,,,2022
Sri Lanka,Solar Photovoltaic,,,,2022
Sri Lanka,Municipal and industrial waste,,,,2022
Sri Lanka,Others,,,,2022
Sri Lanka,Solar Heating / Cooling,,,,2022
Sri Lanka,Geothermal energy,,,,2022
Sri Lanka,Solid Biomass,,,,2022
Sri Lanka,"Tide, Wave and Ocean Energy",,,,2022
Sri Lanka,Wind Energy,0.13,IRENA estimate,Based on employment factors and capacity data,2022
State of Palestine,All technologies,0.61,,,2022
State of Palestine,CSP,,,,2022
State of Palestine,Heat Pumps,,,,2022
State of Palestine,Hydropower,,,,2022
State of Palestine,Municipal and industrial waste,,,,2022
State of Palestine,Others,,,,2022
State of Palestine,Solar Heating / Cooling,0.61,IRENA estimate,Based on employment factors and capacity data,2022
State of Palestine,Solid Biomass,,,,2022
State of Palestine,"Tide, Wave and Ocean Energy",,,,2022
State of Palestine,Wind Energy,,,,2022
Sweden,All technologies,66.295,,,2022
Sweden,CSP,,,,2022
Sweden,Heat Pumps,7.461,EHPA (2023),,2022
Sweden,Hydropower,4.247,IRENA Estimate,,2022
Sweden,Municipal and industrial waste,0.8,EurObserv'ER (2022),,2022
Sweden,Others,,,,2022
Sweden,Solar Heating / Cooling,0.1,EurObserv'ER (2022),,2022
Sweden,Solid Biomass,22.9,EurObserv'ER (2022),,2022
Sweden,"Tide, Wave and Ocean Energy",,,,2022
Sweden,Wind Energy,15.9,IRENA estimate,Based on employment factors and capacity data,2022
Switzerland,All technologies,18.521,,,2022
Switzerland,CSP,,,,2022
Switzerland,Heat Pumps,3.148,EHPA (2023),,2022
Switzerland,Hydropower,2.327,IRENA Estimate,,2022
Switzerland,Municipal and industrial waste,0.2,SFOE (2016),,2022
Switzerland,Others,,,,2022
Switzerland,Solar Heating / Cooling,0.24,IRENA estimate,Based on employment factors and capacity data,2022
Switzerland,Solid Biomass,8,SFOE (2016),,2022
Switzerland,"Tide, Wave and Ocean Energy",,,,2022
Switzerland,Wind Energy,0.025,IRENA estimate,Based on employment factors and capacity data,2022
Tajikistan,All technologies,6.793,,,2022
Tajikistan,CSP,,,,2022
Tajikistan,Heat Pumps,,,,2022
Tajikistan,Hydropower,6.793,IRENA Estimate,,2022
Tajikistan,Municipal and industrial waste,,,,2022
Tajikistan,Others,,,,2022
Tajikistan,Solar Heating / Cooling,,,,2022
Tajikistan,Solid Biomass,,,,2022
Tajikistan,"Tide, Wave and Ocean Energy",,,,2022
Tajikistan,Wind Energy,,,,2022
Thailand,All technologies,142.2959609,,,2022
Thailand,CSP,,,,2022
Thailand,Heat Pumps,,,,2022
Thailand,Hydropower,,,,2022
Thailand,Municipal and industrial waste,,,,2022
Thailand,Others,,,,2022
Thailand,Solar Heating / Cooling,0.126960938,IRENA estimate,Based on employment factors and capacity data,2022
Thailand,Solid Biomass,16.229,IRENA focal point,,2022
Thailand,"Tide, Wave and Ocean Energy",,,,2022
Thailand,Wind Energy,0.726,IRENA focal point,,2022
Tunisia,All technologies,1.85,,,2022
Tunisia,CSP,,,,2022
Tunisia,Heat Pumps,,,,2022
Tunisia,Hydropower,,,,2022
Tunisia,Municipal and industrial waste,,,,2022
Tunisia,Others,,,,2022
Tunisia,Solar Heating / Cooling,0.6,IRENA estimate,Based on employment factors and capacity data,2022
Tunisia,Solid Biomass,,,,2022
Tunisia,"Tide, Wave and Ocean Energy",,,,2022
Tunisia,Wind Energy,0.2,IRENA estimate,Based on employment factors and capacity data,2022
Türkiye,All technologies,111.299,,,2022
Türkiye,CSP,0,IRENA focal point,,2022
Türkiye,Heat Pumps,,,,2022
Türkiye,Hydropower,40.759,IRENA Estimate,,2022
Türkiye,Municipal and industrial waste,2.2,IRENA focal point,,2022
Türkiye,Others,,,,2022
Türkiye,Solar Heating / Cooling,22.18,IRENA estimate,Based on employment factors and capacity data,2022
Türkiye,Solid Biomass,0,IRENA focal point,,2022
Türkiye,"Tide, Wave and Ocean Energy",,,,2022
Türkiye,Wind Energy,13,IRENA estimate,Based on employment factors and capacity data,2022
Uganda,All technologies,25.4388,,,2022
Uganda,CSP,,,,2022
Uganda,Heat Pumps,,,,2022
Uganda,Hydropower,,,,2022
Uganda,Municipal and industrial waste,,,,2022
Uganda,Others,1.65,Guardian (2015),People trained in renewables,2022
Uganda,Solar Heating / Cooling,,,,2022
Uganda,Solid Biomass,,,,2022
Uganda,"Tide, Wave and Ocean Energy",,,,2022
Uganda,Wind Energy,,,,2022
Ukraine,All technologies,24.434,,,2022
Ukraine,CSP,,,,2022
Ukraine,Heat Pumps,,,,2022
Ukraine,Hydropower,11.08,IRENA Estimate,,2022
Ukraine,Municipal and industrial waste,,,,2022
Ukraine,Others,,,,2022
Ukraine,Solar Heating / Cooling,,,,2022
Ukraine,Solid Biomass,6.5,Konechenkov and Shmidt (2016),"Direct + Indirect (includes consultants, lawyers, etc). These jobs have been created since 2010",2022
Ukraine,"Tide, Wave and Ocean Energy",,,,2022
Ukraine,Wind Energy,2.2,IRENA estimate,Based on employment factors and capacity data,2022
United Arab Emirates,All technologies,6.65,,,2022
United Arab Emirates,CSP,1,IRENA estimate,,2022
United Arab Emirates,Heat Pumps,,,,2022
United Arab Emirates,Hydropower,,,,2022
United Arab Emirates,Municipal and industrial waste,,,,2022
United Arab Emirates,Others,0.25,IRENA estimate,"Renewables energy workforce of universities, utilitites and organisations such as Masdar and IRENA",2022
United Arab Emirates,Solar Heating / Cooling,,,,2022
United Arab Emirates,Solid Biomass,,,,2022
United Arab Emirates,"Tide, Wave and Ocean Energy",,,,2022
United Arab Emirates,Wind Energy,,,,2022
United Kingdom,All technologies,145.18424,,,2022
United Kingdom,CSP,,,,2022
United Kingdom,Heat Pumps,2.47824,EHPA (2023),,2022
United Kingdom,Hydropower,0.813,IRENA Estimate,,2022
United Kingdom,Municipal and industrial waste,8.912,REA (2021),,2022
United Kingdom,Others,,,,2022
United Kingdom,Solar Heating / Cooling,0.32,IRENA estimate,Based on employment factors and capacity data,2022
United Kingdom,Solid Biomass,29.17,REA (2021),,2022
United Kingdom,"Tide, Wave and Ocean Energy",0.928,REA (2021),,2022
United Kingdom,Wind Energy,75.1,IRENA estimate,Based on employment factors and capacity data,2022
United Republic of Tanzania,All technologies,3.035,,,2022
United Republic of Tanzania,CSP,,,,2022
United Republic of Tanzania,Heat Pumps,,,,2022
United Republic of Tanzania,Hydropower,,,,2022
United Republic of Tanzania,Municipal and industrial waste,,,,2022
United Republic of Tanzania,Others,,,,2022
United Republic of Tanzania,Solar Heating / Cooling,,,,2022
United Republic of Tanzania,Solid Biomass,,,,2022
United Republic of Tanzania,"Tide, Wave and Ocean Energy",,,,2022
United Republic of Tanzania,Wind Energy,,,,2022
United States of America,All technologies,"1000.074
",,,2022
United States of America,CSP,0,,They are included in the solar photovoltaic data point,2022
United States of America,Liquid Biofuels,359.709,IRENA estimate,,2022
United States of America,Heat Pumps,6.5,,,2022
United States of America,Hydropower,66.272,US DOE (2023),54.6k in traditional hydropower,2022
United States of America,Municipal and industrial waste,,,,2022
United States of America,Others,122.481,USDOE (2023),Renewable heating and cooling applications,2022
United States of America,Solar Heating / Cooling,0,,They are included in the solar photovoltaic data point,2022
United States of America,Solid Biomass,47.014,USDOE (2023),,2022
United States of America,"Tide, Wave and Ocean Energy",,,,2022
United States of America,Wind Energy,125.58,US DOE (2022),,2022
Uruguay,All technologies,10.489,,,2022
Uruguay,CSP,,,,2022
Uruguay,Liquid Biofuels,5.45,IRENA focal point,,2022
Uruguay,Heat Pumps,,,,2022
Uruguay,Hydropower,0.497,IRENA focal point,,2022
Uruguay,Municipal and industrial waste,0.006,IRENA focal point,,2022
Uruguay,Others,,,,2022
Uruguay,Solar Heating / Cooling,0.2,IRENA focal point,,2022
Uruguay,Solid Biomass,2.55,IRENA focal point,,2022
Uruguay,"Tide, Wave and Ocean Energy",,,,2022
Uruguay,Wind Energy,1,IRENA focal point,,2022
Uzbekistan,All technologies,4.111,,,2022
Uzbekistan,Liquid biofuels,,,,2022
Uzbekistan,CSP,,,,2022
Uzbekistan,Biogas,,,,2022
Uzbekistan,Heat Pumps,,,,2022
Uzbekistan,Hydropower,2.961,IRENA Estimate,,2022
Uzbekistan,Municipal and industrial waste,,,,2022
Uzbekistan,Others,,,,2022
Uzbekistan,Solar Heating / Cooling,,,,2022
Uzbekistan,Solid Biomass,,,,2022
Uzbekistan,"Tide, Wave and Ocean Energy",,,,2022
Uzbekistan,Wind Energy,,,,2022
Venezuela (Bolivarian Republic of),All technologies,14.262,,,2022
Venezuela (Bolivarian Republic of),Liquid biofuels,,,,2022
Venezuela (Bolivarian Republic of),CSP,,,,2022
Venezuela (Bolivarian Republic of),Biogas,,,,2022
Venezuela (Bolivarian Republic of),Heat Pumps,,,,2022
Venezuela (Bolivarian Republic of),Hydropower,14.262,IRENA Estimate,,2022
Venezuela (Bolivarian Republic of),Municipal and industrial waste,,,,2022
Venezuela (Bolivarian Republic of),Others,,,,2022
Venezuela (Bolivarian Republic of),Solar Heating / Cooling,,,,2022
Venezuela (Bolivarian Republic of),Solid Biomass,,,,2022
Venezuela (Bolivarian Republic of),"Tide, Wave and Ocean Energy",,,,2022
Venezuela (Bolivarian Republic of),Wind Energy,,,,2022
Viet Nam,All technologies,253.27,,,2022
Viet Nam,Biogas,,,,2022
Viet Nam,CSP,,,,2022
Viet Nam,Geothermal Energy,,,,2022
Viet Nam,Heat Pumps,,,,2022
Viet Nam,Hydropower,126.3,IRENA Estimate,,2022
Viet Nam,Liquid Biofuels,2.67,Urbanchuk (2012),,2022
Viet Nam,Municipal and industrial waste,,,,2022
Viet Nam,Others,,,,2022
Viet Nam,Solar Heating / Cooling,,,,2022
Viet Nam,Solar Photovoltaic,115.3,IRENA estimate,Based on capacity and manufacturing trends,2022
Viet Nam,Solid Biomass,,,,2022
Viet Nam,"Tide, Wave and Ocean Energy",,,,2022
Viet Nam,Wind Energy,9,IRENA estimate,Based on employment factors and capacity data,2022
Zambia,All technologies,24.454,,,2022
Zambia,Biogas,,,,2022
Zambia,CSP,,,,2022
Zambia,Geothermal Energy,,,,2022
Zambia,Heat Pumps,,,,2022
Zambia,Hydropower,23.254,IRENA Estimate,,2022
Zambia,Liquid Biofuels,,,,2022
Zambia,Municipal and industrial waste,,,,2022
Zambia,Others,,,,2022
Zambia,Solar Heating / Cooling,,,,2022
Zambia,Solar Photovoltaic,1.2,IRENA estimate,Based on capacity and manufacturing trends,2022
Zambia,Solid Biomass,,,,2022
Zambia,"Tide, Wave and Ocean Energy",,,,2022
Zambia,Wind Energy,,,,2022
Zimbabwe,All technologies,0.11,,,2022
Zimbabwe,Geothermal energy,,,,2022
Zimbabwe,CSP,,,,2022
Zimbabwe,Heat Pumps,,,,2022
Zimbabwe,Hydropower,,,,2022
Zimbabwe,Biogas,,,,2022
Zimbabwe,Municipal and industrial waste,,,,2022
Zimbabwe,Others,,,,2022
Zimbabwe,Solar Heating / Cooling,0.11,IRENA estimate,Based on employment factors and capacity data,2022
Zimbabwe,Solid Biomass,,,,2022
Zimbabwe,"Tide, Wave and Ocean Energy",,,,2022
Zimbabwe,Wind Energy,,,,2022
All World,Liquid Biofuels,2490.279,,,2022
All World,Solar Photovoltaic,4902.346,,,2022
Argentina,Biogas,0.25,IRENA focal point,,2022
Argentina,Liquid Biofuels,0,IRENA focal point,,2022
Argentina,Solar Photovoltaic,2.14,IRENA focal point,,2022
Australia,Solar Photovoltaic,63,IRENA estimate,Based on capacity and manufacturing trends,2022
Austria,Biogas,0.4,EurObserv'ER (2022),,2022
Austria,Geothermal Energy,0.1,EurObserv'ER (2022),,2022
Austria,Liquid Biofuels,2.6,EurObserv'ER (2022),,2022
Austria,Solar Photovoltaic,6.955,IRENA estimate,Based on capacity and manufacturing trends,2022
Bangladesh,Biogas,1,IRENA focal point,,2022
Bangladesh,Solar Photovoltaic,30,IRENA focal point,,2022
Belarus,Solar Photovoltaic,1.53,IRENA estimate,Based on capacity and manufacturing trends,2022
Belgium,Biogas,0.4,EurObserv'ER (2022),,2022
Belgium,Geothermal Energy,0.1,EurObserv'ER (2022),,2022
Belgium,Liquid Biofuels,1.6,EurObserv'ER (2022),,2022
Belgium,Solar Photovoltaic,9.755,IRENA estimate,Based on capacity and manufacturing trends,2022
Bosnia and Herzegovina,Solar Photovoltaic,0.2,IRENA estimate,Based on capacity and manufacturing trends,2022
Brazil,Liquid Biofuels,856.15,IRENA estimate,,2022
Brazil,Solar Photovoltaic,241.443,IRENA estimate,Based on capacity and manufacturing trends,2022
Bulgaria,Biogas,0.3,EurObserv'ER (2022),,2022
Bulgaria,Geothermal Energy,0.1,EurObserv'ER (2022),,2022
Bulgaria,Liquid Biofuels,3.1,EurObserv'ER (2022),,2022
Bulgaria,Solar Photovoltaic,19.838,IRENA estimate,Based on capacity and manufacturing trends,2022
Canada,Geothermal Energy,0,Natural Resources Canada (2023),,2022
Chile,Biogas,0,IRENA focal point,,2022
Chile,Geothermal Energy,0.4,IRENA estimate,,2022
China,Geothermal Energy,87,China Renewable Energy Society (2023),,2022
China,Liquid Biofuels,55,China Renewable Energy Society (2023),,2022
Colombia,Liquid Biofuels,186.73,IRENA estimate,Employment factor based estimate,2022
Croatia,Biogas,0.8,EurObserv'ER (2022),,2022
Croatia,Geothermal Energy,0.1,EurObserv'ER (2022),,2022
Croatia,Liquid Biofuels,1.6,EurObserv'ER (2022),,2022
Croatia,Solar Photovoltaic,0.346,IRENA estimate,Based on capacity and manufacturing trends,2022
Cyprus,Biogas,0.1,EurObserv'ER (2022),,2022
Cyprus,Geothermal Energy,0.1,EurObserv'ER (2022),,2022
Cyprus,Liquid Biofuels,0.1,EurObserv'ER (2022),,2022
Cyprus,Solar Photovoltaic,0.86,IRENA estimate,Based on capacity and manufacturing trends,2022
Czechia,Biogas,3.4,EurObserv'ER (2022),,2022
Czechia,Geothermal Energy,0.1,EurObserv'ER (2022),,2022
Czechia,Liquid Biofuels,4.3,EurObserv'ER (2022),,2022
Czechia,Solar Photovoltaic,7.04,IRENA estimate,Based on capacity and manufacturing trends,2022
Denmark,Biogas,0.3,EurObserv'ER (2022),,2022
Denmark,Geothermal Energy,0.1,EurObserv'ER (2022),,2022
Denmark,Liquid Biofuels,0.1,EurObserv'ER (2022),,2022
Denmark,Solar Photovoltaic,8.935,IRENA estimate,Based on capacity and manufacturing trends,2022
Ecuador,Biogas,0.01,IRENA Focal Point,,2022
Ecuador,Geothermal Energy,0.018,IRENA Focal Point,,2022
Ecuador,Liquid Biofuels,0.016,IRENA focal point,,2022
Ecuador,Solar Photovoltaic,0.009,IRENA focal point,,2022
Egypt,Solar Photovoltaic,2,IRENA estimate,Based on capacity and manufacturing trends,2022
El Salvador,Geothermal Energy,0.163,IRENA estimate,,2022
Estonia,Biogas,0.1,EurObserv'ER (2022),,2022
Estonia,Geothermal Energy,0.1,EurObserv'ER (2022),,2022
Estonia,Liquid Biofuels,0.4,EurObserv'ER (2022),,2022
Estonia,Solar Photovoltaic,1.878,IRENA estimate,Based on capacity and manufacturing trends,2022
Ethiopia,Solar Photovoltaic,12.18475,GOGLA,,2022
Finland,Biogas,0.3,EurObserv'ER (2022),,2022
Finland,Geothermal Energy,0.1,EurObserv'ER (2022),,2022
Finland,Liquid Biofuels,1,EurObserv'ER (2022),,2022
Finland,Solar Photovoltaic,2.17,IRENA estimate,Based on capacity and manufacturing trends,2022
France,Biogas,2.6,EurObserv'ER (2022),,2022
France,Geothermal Energy,0.8,EurObserv'ER (2022),,2022
France,Solar Photovoltaic,29.482,IRENA estimate,Based on capacity and manufacturing trends,2022
Germany,Geothermal Energy,0.7,EurObserv'ER (2022),,2022
Germany,Solar Photovoltaic,93.958,IRENA estimate,Based on capacity and manufacturing trends,2022
Ghana,Solar Photovoltaic,1.234,Mcesocap (2016); PEG-ghana (nd); PV-tech (nd),"The workforce of PEG-Ghana, the construction workforce of BXG Ghana and for Nzema solar project.",2022
Hungary,Liquid Biofuels,17,EurObserv'ER (2022),,2022
Hungary,Solar Photovoltaic,1.367,IRENA estimate,Based on capacity and manufacturing trends,2022
India,Biogas,85,MNRE and CII (2010),,2022
India,Liquid Biofuels,35.055,Urbanchuk (2012),,2022
India,Solar Photovoltaic,282,IRENA estimate,,2022
Indonesia,Liquid Biofuels,619.03,IRENA estimate,Employment factor based estimate,2022
Iran (Islamic Republic of),Geothermal Energy,0.08,IRENA focal point,,2022
Iran (Islamic Republic of),Solar Photovoltaic,33.5,IRENA focal point,,2022
Ireland,Biogas,0.1,EurObserv'ER (2022),,2022
Ireland,Geothermal Energy,0.1,EurObserv'ER (2022),,2022
Ireland,Liquid Biofuels,0.3,EurObserv'ER (2022),,2022
Ireland,Solar Photovoltaic,0.031,IRENA estimate,Based on capacity and manufacturing trends,2022
Israel,Biogas,0.02,IRENA focal point,,2022
Israel,Liquid Biofuels,0.04,IRENA focal point,,2022
Israel,Solar Photovoltaic,14,IRENA estimate,Based on employment factors and capacity data,2022
Italy,Biogas,6.3,EurObserv'ER (2022),,2022
Italy,Geothermal Energy,1,EurObserv'ER (2022),,2022
Italy,Liquid Biofuels,5.7,EurObserv'ER (2022),,2022
Italy,Solar Photovoltaic,36.946,IRENA estimate,Based on capacity and manufacturing trends,2022
Japan,Geothermal Energy,0.214,IRENA estimate,,2022
Japan,Liquid Biofuels,3.102,Urbanchuk (2012),,2022
Japan,Solar Photovoltaic,127,IRENA estimate,Based on capacity and manufacturing trends,2022
Jordan,Solar Photovoltaic,5.8,IRENA estimate,Based on capacity and manufacturing trends,2022
Kazakhstan,Biogas,0.023,IRENA focal point,,2022
Kazakhstan,Solar Photovoltaic,0.43,IRENA focal point,,2022
Kenya,Geothermal Energy,0.53,IRENA estimate,,2022
Kenya,Solar Photovoltaic,17.8636,GOGLA,,2022
Kyrgyzstan,Biogas,0.06,IRENA estimate,O&M jobs only,2022
Kyrgyzstan,Solar Photovoltaic,0.03,IRENA estimate,O&M jobs only,2022
Latvia,Biogas,0.5,EurObserv'ER (2022),,2022
Latvia,Geothermal Energy,0.1,EurObserv'ER (2022),,2022
Latvia,Liquid Biofuels,3.3,EurObserv'ER (2022),,2022
Latvia,Solar Photovoltaic,4.6,IRENA estimate,Based on capacity and manufacturing trends,2022
Lebanon,Solar Photovoltaic,4.8,IRENA estimate,,2022
Lesotho,Solar Photovoltaic,0.09,UNDP (2015),,2022
Lithuania,Biogas,0.3,EurObserv'ER (2022),,2022
Lithuania,Geothermal Energy,0.1,EurObserv'ER (2022),,2022
Luxembourg,Geothermal Energy,0.1,EurObserv'ER (2022),,2022
Luxembourg,Liquid Biofuels,0.1,EurObserv'ER (2022),,2022
Malaysia,Liquid Biofuels,66.62,IRENA estimate,Employment factor based estimate,2022
Malta,Biogas,0.1,EurObserv'ER (2022),,2022
Malta,Liquid Biofuels,0.1,EurObserv'ER (2022),,2022
Mauritius,Liquid Biofuels,1.3,Investmauritius (2016),,2022
Mexico,Biogas,0,IRENA focal point,,2022
Mexico,Geothermal Energy,17.45,IRENA focal point,Direct & Indirect jobs based on I-O model,2022
Mexico,Solar photovoltaic,19,IRENA estimate,Based on capacity and manufacturing trends,2022
Mongolia,Solar Photovoltaic,0.039,IRENA estimate,Direct Jobs only.,2022
Morocco,Solar Photovoltaic,0.3,IRENA estimate,Based on capacity and manufacturing trends,2022
Mozambique,Liquid Biofuels,1.272,Urbanchuk (2012),,2022
Namibia,Solar Photovoltaic,0.46,Solar-Inverter (2015),,2022
Nepal,Biogas,1,IRENA Estimate,,2022
Netherlands,Biogas,0.5,EurObserv'ER (2022),,2022
Netherlands,Geothermal Energy,1,EurObserv'ER (2022),,2022
Netherlands,Liquid Biofuels,1.2,EurObserv'ER (2022),,2022
Netherlands,Solar Photovoltaic,30.614,IRENA estimate,Based on capacity and manufacturing trends,2022
New Zealand,Geothermal Energy,0.627,IRENA estimate,,2022
Nicaragua,Geothermal Energy,1.58,IRENA focal point,,2022
Nicaragua,Solar Photovoltaic,0.58,IRENA focal point,,2022
Nigeria,Solar Photovoltaic,34.2033,GOGLA,,2022
North Macedonia,Solar Photovoltaic,0.1,IRENA estimate,Based on capacity and manufacturing trends,2022
Norway,Solar Photovoltaic,0.509,IRENA estimate,Based on capacity and manufacturing trends,2022
Other South Asia (excluding Bangladesh and India),Solar Photovoltaic,11.8,GOGLA and Vivid Economics (2018),,2022
Oman,Solar Photovoltaic,3.6,IRENA estimate,,2022
Pakistan,Solar Photovoltaic,5.3,IRENA estimate,Based on capacity and manufacturing trends,2022
Panama,Solar Photovoltaic,1.1,IRENA estimate,,2022
Peru,Biogas,0.007,IRENA focal point,,2022
Peru,Solar Photovoltaic,0.36,IRENA estimate,Based on capacity and manufacturing trends,2022
Philippines,Biogas,1.767,IRENA focal point,,2022
Philippines,Geothermal Energy,11.628,IRENA focal point,,2022
Philippines,Liquid Biofuels,34.9,IRENA estimate,Employment factor based estimate,2022
Philippines,Solar Photovoltaic,7.3,IRENA estimate,Based on capacity and manufacturing trends,2022
Poland,Biogas,2.6,EurObserv'ER (2022),,2022
Poland,Geothermal Energy,1.2,EurObserv'ER (2022),,2022
Poland,Liquid Biofuels,21.4,EurObserv'ER (2022),,2022
Poland,Solar Photovoltaic,114.354,IRENA estimate,Based on capacity and manufacturing trends,2022
Portugal,Biogas,0.5,EurObserv'ER (2022),,2022
Portugal,Geothermal Energy,0.1,EurObserv'ER (2022),,2022
Portugal,Liquid Biofuels,0.3,EurObserv'ER (2022),,2022
Portugal,Solar Photovoltaic,12.592,IRENA estimate,Based on capacity and manufacturing trends,2022
Puerto Rico,Solar Photovoltaic,1.6,IRENA estimate,,2022
Qatar,Solar Photovoltaic,5.6,IRENA estimate,,2022
Republic of Korea,Biogas,0.08,IRENA focal point,Only in manufacturing ,2022
Republic of Korea,Geothermal Energy,0.26,IRENA focal point,Only in manufacturing ,2022
Republic of Korea,Liquid Biofuels,0.64,IRENA focal point,Only in manufacturing ,2022
Republic of Korea,Solar Photovoltaic,25.5,IRENA focal point,,2022
Romania,Biogas,0.1,EurObserv'ER (2022),,2022
Romania,Geothermal Energy,0.1,EurObserv'ER (2022),,2022
Romania,Liquid Biofuels,17.8,EurObserv'ER (2022),,2022
Romania,Solar Photovoltaic,4.169,IRENA estimate,Based on capacity and manufacturing trends,2022
Russian Federation,Solar Photovoltaic,2.58,IRENA estimate,Based on capacity and manufacturing trends,2022
Rwanda,Solar Photovoltaic,1.075,Mobisol (2016),,2022
Serbia,Solar Photovoltaic,0.295,IRENA estimate,Based on capacity and manufacturing trends,2022
Slovakia,Biogas,0.5,EurObserv'ER (2022),,2022
Slovakia,Geothermal Energy,0.1,EurObserv'ER (2022),,2022
Slovenia,Geothermal Energy,0.1,EurObserv'ER (2022),,2022
Slovenia,Liquid Biofuels,0.1,EurObserv'ER (2022),,2022
South Africa,Liquid Biofuels,0.595,IRENA focal point,,2022
Spain,Biogas,1.3,EurObserv'ER (2022),,2022
Spain,Liquid Biofuels,13.5,EurObserv'ER (2022),,2022
Sweden,Biogas,0.1,EurObserv'ER (2022),,2022
Sweden,Geothermal Energy,0.1,EurObserv'ER (2022),,2022
Sweden,Liquid Biofuels,7.3,EurObserv'ER (2022),,2022
Sweden,Solar Photovoltaic,7.387,IRENA estimate,Based on capacity and manufacturing trends,2022
Switzerland,Biogas,0.1,SFOE (2016),,2022
Switzerland,Geothermal Energy,1.2,IEA GEA (2013),,2022
Switzerland,Solar Photovoltaic,3.281,IRENA estimate,Based on capacity and manufacturing trends,2022
Thailand,Biogas,3.71,IRENA focal point,,2022
Thailand,Liquid Biofuels,97.144,IRENA estimate,Employment factor based estimate,2022
Thailand,Solar Photovoltaic,24.36,DEDE,,2022
Tunisia,Liquid Biofuels,0.25,GIZ (2015),,2022
Tunisia,Solar Photovoltaic,0.8,IRENA estimate,Based on capacity and manufacturing trends,2022
Türkiye,Biogas,0.7,IRENA focal point,,2022
Türkiye,Geothermal Energy,5.96,IRENA focal point,"5,410 in power and 550 in heat",2022
Türkiye,Liquid Biofuels,0.5,IRENA focal point,,2022
Türkiye,Solar Photovoltaic,26,IRENA estimate,Based on capacity and manufacturing trends,2022
Uganda,Solar Photovoltaic,23.7888,GOGLA,,2022
Ukraine,Solar Photovoltaic,4.654,IRENA estimate,Based on capacity and manufacturing trends,2022
United Arab Emirates,Solar Photovoltaic,5.4,IRENA estimate,Based on capacity and manufacturing trends,2022
United Kingdom,Biogas,3.24,REA (2021),,2022
United Kingdom,Geothermal Energy,0.961,EurObserv'ER (2020),,2022
United Kingdom,Liquid Biofuels,13.196,REA (2021),,2022
United Kingdom,Solar Photovoltaic,10.066,IRENA estimate,Based on capacity and manufacturing trends,2022
United Republic of Tanzania,Liquid Biofuels,1.31,Urbanchuk (2012),,2022
United Republic of Tanzania,Solar Photovoltaic,1.725,Mobisol (2016),"Includes workforce of Mobisol, Off-grid Electric and AKON Solar",2022
United States of America,Geothermal Energy,8.635,USDOE (2023),,2022
United States of America,Solar Photovoltaic,263.883,USDOE (2023),,2022
Uruguay,Biogas,0.016,IRENA focal point,,2022
Uruguay,Solar photovoltaic,0.77,IRENA focal point,,2022
Uzbekistan,Solar Photovoltaic,1.15,IRENA focal point,,2022
